{"count":1,"gauges":{},"self":276.1183488,"total":2029.1979556,"children":{"AgentResetIfDone":{"count":500017,"self":14.1030112,"total":14.1030109,"children":null},"AgentSendState":{"count":500017,"self":19.019790399999998,"total":28.8450886,"children":{"CollectObservations":{"count":1000032,"self":9.825297599999999,"total":9.8252978999999989,"children":null}}},"DecideAction":{"count":500017,"self":1493.5795712,"total":1682.2777018,"children":{"AgentInfo.ToProto":{"count":500017,"self":188.6980992,"total":188.6981017,"children":null}}},"AcademyStep":{"count":500017,"self":2.1700176,"total":2.1700176,"children":null},"AgentAct":{"count":500017,"self":25.6827968,"total":25.682796999999997,"children":null}}}