{"count":1,"gauges":{},"self":11.034156,"total":11.0531083,"children":{"AgentResetIfDone":{"count":322,"self":0.0059857999999999995,"total":0.0059857999999999995,"children":null},"AgentSendState":{"count":322,"self":0.0009971,"total":0.0019938,"children":{"CollectObservations":{"count":1,"self":0.00099669999999999989,"total":0.00099669999999999989,"children":null}}},"DecideAction":{"count":322,"self":0.0099753999999999989,"total":0.0099753999999999989,"children":null}}}