{"count":1,"gauges":{"3DBall.CumulativeReward":{"count":1613,"max":9.900005,"min":1.41561031E-07,"value":1.29999983,"weightedAverage":2.15514779}},"self":10.911278399999999,"total":34.198308,"children":{"AgentSendState":{"count":18351,"self":0.87803849999999994,"total":2.0517377999999997,"children":{"CollectObservations":{"count":44052,"self":0.28550339999999996,"total":0.28550339999999996,"children":null},"AgentInfo.ToProto":{"count":44052,"self":0.5353391,"total":0.88819589999999993,"children":{"GenerateSensorData":{"count":44052,"self":0.35285679999999997,"total":0.35285679999999997,"children":null}}}}},"DecideAction":{"count":18351,"self":20.4844208,"total":20.4844215,"children":null},"AgentAct":{"count":18351,"self":0.7259365,"total":0.7508707,"children":{"AgentInfo.ToProto":{"count":1613,"self":0.012964199999999999,"total":0.0249342,"children":{"GenerateSensorData":{"count":1613,"self":0.01197,"total":0.01197,"children":null}}}}}}}