{"count":1,"gauges":{"GridWorld.CumulativeReward":{"count":40,"max":1,"min":-1.91999936,"value":-0.999999344,"weightedAverage":-0.4552418}},"self":0.78822569999999992,"total":4.727355,"children":{"AgentSendState":{"count":117,"self":0.0228848,"total":0.9435496,"children":{"CollectObservations":{"count":1045,"self":0.0079785,"total":0.0079785,"children":null},"AgentInfo.ToProto":{"count":1045,"self":0.0179526,"total":0.9126863,"children":{"GenerateSensorData":{"count":1045,"self":0.0698073,"total":0.8947337,"children":{"CameraSensor.GetCompressedObservation":{"count":813,"self":0.6386604,"total":0.6386604,"children":null},"CameraSensor.WriteToTensor":{"count":116,"self":0.130272,"total":0.130272,"children":null},"RenderTexSensor.GetCompressedObservation":{"count":116,"self":0.055993999999999995,"total":0.055993999999999995,"children":null}}}}}}},"DecideAction":{"count":117,"self":2.9406377999999997,"total":2.9406377999999997,"children":null},"AgentAct":{"count":117,"self":0.0119677,"total":0.0539443,"children":{"AgentInfo.ToProto":{"count":40,"self":0,"total":0.041976599999999996,"children":{"GenerateSensorData":{"count":40,"self":0.0019939,"total":0.041976599999999996,"children":{"CameraSensor.GetCompressedObservation":{"count":31,"self":0.032005599999999995,"total":0.032005599999999995,"children":null},"RenderTexSensor.GetCompressedObservation":{"count":4,"self":0.0029915,"total":0.0029915,"children":null},"CameraSensor.WriteToTensor":{"count":5,"self":0.0049856,"total":0.0049856,"children":null}}}}}}}}}