{"count":1,"gauges":{},"self":18.3136384,"total":78.83691189999999,"children":{"AgentSendState":{"count":41634,"self":0.3603376,"total":0.3703106,"children":{"CollectObservations":{"count":2,"self":0.0049865,"total":0.0049865,"children":null},"AgentInfo.ToProto":{"count":2,"self":0.0009973,"total":0.0049865,"children":{"GenerateSensorData":{"count":2,"self":0.0039892,"total":0.0039892,"children":null}}}}},"DecideAction":{"count":41634,"self":1.0036968,"total":1.0036968,"children":null},"AgentAct":{"count":41634,"self":59.1482688,"total":59.148267499999996,"children":null}}}