{"count":1,"gauges":{"TicTacBehavior4.CumulativeReward":{"count":74,"max":-0.2,"min":-1,"value":-1,"weightedAverage":-0.449197769}},"self":3.495724,"total":7.2980759,"children":{"AgentSendState":{"count":342,"self":0.0109734,"total":0.017954599999999998,"children":{"CollectObservations":{"count":342,"self":0.0069812,"total":0.0069812,"children":null}}},"DecideAction":{"count":342,"self":0.15890949999999998,"total":0.15890949999999998,"children":null},"AgentAct":{"count":342,"self":3.6244904,"total":3.6244904,"children":null}}}